<?xml version="1.0" encoding="ISO-8859-1"?>
<!-- Copyright (c) 2023, Rockchip Electronics Co. Ltd. All rights reserved. -->
<!--                                                                        -->
<!-- Redistribution and use in source and binary forms, with or without     -->
<!-- modification, are permitted provided that the following conditions are -->
<!-- met:                                                                   -->
<!--     * Redistributions of source code must retain the above copyright   -->
<!--       notice, this list of conditions and the following disclaimer.    -->
<!--     * Redistributions in binary form must reproduce the above          -->
<!--       copyright notice, this list of conditions and the following      -->
<!--       disclaimer in the documentation and/or other materials provided  -->
<!--       with the distribution.                                           -->
<!--     * Neither the name of The Linux Foundation nor the names of its    -->
<!--       contributors may be used to endorse or promote products derived  -->
<!--       from this software without specific prior written permission.    -->
<!--                                                                        -->
<!-- THIS SOFTWARE IS PROVIDED "AS IS" AND ANY EXPRESS OR IMPLIED           -->
<!-- WARRANTIES, INCLUDING, BUT NOT LIMITED TO, THE IMPLIED WARRANTIES OF   -->
<!-- MERCHANTABILITY, FITNESS FOR A PARTICULAR PURPOSE AND NON-INFRINGEMENT -->
<!-- ARE DISCLAIMED.  IN NO EVENT SHALL THE COPYRIGHT OWNER OR CONTRIBUTORS -->
<!-- BE LIABLE FOR ANY DIRECT, INDIRECT, INCIDENTAL, SPECIAL, EXEMPLARY, OR -->
<!-- CONSEQUENTIAL DAMAGES (INCLUDING, BUT NOT LIMITED TO, PROCUREMENT OF   -->
<!-- SUBSTITUTE GOODS OR SERVICES; LOSS OF USE, DATA, OR PROFITS; OR        -->
<!-- BUSINESS INTERRUPTION) HOWEVER CAUSED AND ON ANY THEORY OF LIABILITY,  -->
<!-- OR OTHERWISE) ARISING IN ANY WAY OUT OF THE USE OF THIS SOFTWARE, EVEN -->
<!-- IF ADVISED OF THE POSSIBILITY OF SUCH DAMAGE.                          -->
<session>
    <devices>
        <device name="modem" snd_card="0" snd_pcm="0" type="VOICE_DAILINK_FE_BE"/>
        <device name="bt" snd_card="1" snd_pcm="0" type="VOICE_DAILINK_FE_BE"/>
        <device name="rk809" snd_card="2" snd_pcm="0" type="VOICE_DAILINK_FE_BE"/>
        <device name="es7202" snd_card="4" snd_pcm="0" type="VOICE_DAILINK_FE_BE"
                quirks="VOICE_DEVICE_CHANNEL_HAS_REFERENCE"/>
    </devices>

    <streams>
        <stream sink="modem" source="bt" route="AUDIO_DEVICE_OUT_ALL_SCO"
                quirks="VOICE_STREAM_OUTGOING"/>
        <stream sink="bt" source="modem" route="AUDIO_DEVICE_OUT_ALL_SCO"
                quirks="VOICE_STREAM_CHANNEL_MONO_LEFT"/>
        <stream sink="rk809" source="modem" route="AUDIO_DEVICE_OUT_WIRED_HEADSET"
                quirks="VOICE_STREAM_CHANNEL_MONO_LEFT"/>
        <stream sink="modem" source="es7202" route="AUDIO_DEVICE_OUT_WIRED_HEADSET"
                quirks="VOICE_STREAM_OUTGOING"/>
        <stream sink="rk809" source="modem" route="AUDIO_DEVICE_OUT_WIRED_HEADPHONE"
                quirks="VOICE_STREAM_CHANNEL_MONO_LEFT"/>
        <stream sink="modem" source="es7202" route="AUDIO_DEVICE_OUT_WIRED_HEADPHONE"
                quirks="VOICE_STREAM_OUTGOING"/>
        <stream sink="rk809" source="modem" route="AUDIO_DEVICE_OUT_SPEAKER"
                quirks="VOICE_STREAM_CHANNEL_MONO_LEFT"/>
        <stream sink="modem" source="es7202" route="AUDIO_DEVICE_OUT_SPEAKER"
                quirks="VOICE_STREAM_OUTGOING"/>
    </streams>
</session>
